{
  "negatif": {
    "precision": 0.8925619834710744,
    "recall": 0.7248322147651006,
    "f1-score": 0.8,
    "support": 149.0
  },
  "netral": {
    "precision": 0.7288888888888889,
    "recall": 0.6978723404255319,
    "f1-score": 0.7130434782608696,
    "support": 235.0
  },
  "positif": {
    "precision": 0.9053254437869822,
    "recall": 0.9592476489028213,
    "f1-score": 0.9315068493150684,
    "support": 638.0
  },
  "accuracy": 0.8649706457925636,
  "macro avg": {
    "precision": 0.8422587720489818,
    "recall": 0.7939840680311513,
    "f1-score": 0.8148501091919794,
    "support": 1022.0
  },
  "weighted avg": {
    "precision": 0.8628945768710112,
    "recall": 0.8649706457925636,
    "f1-score": 0.8621003789181193,
    "support": 1022.0
  }
}